<?xml version="1.0" encoding="utf-8"?>
<talk xmlns:xsi="http://www.w3.org/2001/XMLSchema-instance" xmlns:xsd="http://www.w3.org/2001/XMLSchema">
  <chap>
    <chapter>
      <dialog>
        <string>C有人认得下场考试的监考老师么？？静静。。名字有点眼熟哎</string>
        <string>A什么！？你竟然不知道那位象征着自由的大人？？？</string>
        <string>B新来的老师吧，最近人气很高的</string>
        <string>C哦？</string>
        <string>C愿闻其详</string>
        <string>A在她的课上据说气氛特别轻松，可以随便浪的</string>
        <string>B最重要的是，老师漂亮啊！</string>
        <string>B那次我去高一校区远远地看到她，仿若女神</string>
        <string>C天呐，这么好的么？可惜她不教高三。。</string>
        <string>A那样温柔宽容的老师会给安排在高三？听说她有时候甚至会帮着同学开小差呢</string>
        <string>B怎么说也是。。经常在自己课上打瞌睡的老师。。</string>
        <string>A6到不行</string>
        <string>A不过那样的话，想必也能体会到学生的难处啊</string>
        <string>C是啊。。</string>
      </dialog>
    </chapter>
    <chapter>
      <dialog>
        <string>C有人看了下场考试的监考嘛？</string>
        <string>A原谅老师吧</string>
        <string>C啊，那个人，不会是，上回晚会那个唱BBOX的？他居然是个老师？？</string>
        <string>A嗯，人倒是不错。但。。怎么说呢。。</string>
        <string>B大致说来，根本就没个老师样子= =，神神经经的</string>
        <string>A对对对！好好的语文课，给你嗨歌，你敢信？</string>
        <string>B行动完全无法预料的存在。。没人搭理都可以自嗨很久</string>
        <string>A嗯呢，作为监考老师来讲，说不定是意外危险的人物呢。。</string>
        <string>B我可不想被他用唱歌说教。。尬死</string>
        <string>C那样的人来监考没问题嘛！？万一在考场上嗨起来怎么办？</string>
        <string>A不会的，，，吧？</string>
        <string>B我觉得未必。。。</string>
        <string>A没办法，谁让人家是校长儿子呢？？你看给他起的名字就懂</string>
        <string>B后台硬就可以为所欲为？</string>
        <string>C抱歉，后台硬是真的可以为所欲为</string>
      </dialog>
    </chapter>
    <chapter>
      <dialog>
        <string>A完了完了！！下场破喉咙监考！！</string>
        <string>B纳尼？！为什么偏偏是他来监考数学啊！</string>
        <string>C所以。。破喉咙是谁？</string>
        <string>A是个秃顶大叔啦。。嗓门超级大那种。。政教处主任。。</string>
        <string>B以前都是充当突击检查的领导来着。。。这次不知是哪根筋搭错了</string>
        <string>B被他抓到作弊就完了！</string>
        <string>A啊啊啊他在的话我考试都不淡定了，被那个秃顶的光射到会受到诅咒的！</string>
        <string>C这么恐怖的么？？他抓作弊很厉害么？</string>
        <string>B精力旺盛，而且脾气极差！</string>
        <string>A昨天他刚被高二一个混混作弊气到，咳了半天。。今天还是别惹他为好。。</string>
        <string>C唔啊。。。</string>
      </dialog>
    </chapter>
  </chap>
</talk>